"season_id","team_name","num_of_games","total_pts"
"21946","Boston Celtics","60","3605"
"21946","Chicago Stags","61","4697"
"21946","Cleveland Rebels","60","4251"
"21946","Detroit Falcons","60","3797"
"21946","New York Knicks","60","3883"
"21946","Philadelphia Warriors","60","4118"
"21946","Pittsburgh Ironmen","60","3674"
"21946","Providence Steamrollers","60","4350"
"21946","St. Louis Bombers","61","4064"
"21946","Toronto Huskies","60","3996"
"21946","Washington Capitols","60","4428"
"21947","Baltimore Bullets","49","3640"
"21947","Boston Celtics","48","3303"
"21947","Chicago Stags","50","3789"
"21947","New York Knicks","48","3578"
"21947","Philadelphia Warriors","48","3521"
"21947","Providence Steamrollers","48","3318"
"21947","St. Louis Bombers","48","3432"
"21947","Washington Capitols","49","3609"
"21948","Baltimore Bullets","60","5017"
"21948","Boston Celtics","60","4593"
"21948","Chicago Stags","60","5038"
"21948","Ft. Wayne Zollner Pistons","60","4457"
"21948","Indianapolis Jets","60","4482"
"21948","Minneapolis Lakers","60","5042"
"21948","New York Knicks","60","4752"
"21948","Philadelphia Warriors","60","5022"
"21948","Providence Steamrollers","60","4705"
"21948","Rochester Royals","60","5042"
"21948","St. Louis Bombers","60","4547"
"21948","Washington Capitols","60","4910"
"21949","Anderson Packers","64","5589"
"21949","Baltimore Bullets","68","4973"
"21949","Boston Celtics","68","5419"
"21949","Chicago Stags","69","5421"
"21949","Denver Nuggets","62","4818"
"21949","Ft. Wayne Zollner Pistons","69","5476"
"21949","Indianapolis Olympians","64","5495"
"21949","Minneapolis Lakers","69","5795"
"21949","New York Knicks","68","5488"
"21949","Philadelphia Warriors","68","4983"
"21949","Rochester Royals","69","5678"
"21949","Sheboygan Redskins","62","5108"
"21949","St. Louis Bombers","68","5010"
"21949","Syracuse Nationals","64","5431"
"21949","Tri-Cities Blackhawks","64","5313"
"21949","Washington Capitols","68","5201"
"21949","Waterloo Hawks","62","4921"
"21950","Baltimore Bullets","66","5414"
"21950","Boston Celtics","69","5881"
"21950","Ft. Wayne Zollner Pistons","68","5721"
"21950","Indianapolis Olympians","68","5555"
"21950","Minneapolis Lakers","68","5632"
"21950","New York Knicks","66","5667"
"21950","Philadelphia Warriors","66","5634"
"21950","Rochester Royals","68","5756"
"21950","Syracuse Nationals","66","5680"
"21950","Tri-Cities Blackhawks","68","5731"
"21950","Washington Capitols","35","2844"
"21951","Baltimore Bullets","66","5377"
"21951","Boston Celtics","66","6027"
"21951","Ft. Wayne Zollner Pistons","66","5151"
"21951","Indianapolis Olympians","66","5474"
"21951","Milwaukee Hawks","66","4831"
"21951","Minneapolis Lakers","66","5648"
"21951","New York Knicks","66","5609"
"21951","Philadelphia Warriors","66","5713"
"21951","Rochester Royals","66","5689"
"21951","Syracuse Nationals","66","5721"
"21952","Baltimore Bullets","70","5911"
"21952","Boston Celtics","71","6258"
"21952","Ft. Wayne Zollner Pistons","69","5591"
"21952","Indianapolis Olympians","71","5295"
"21952","Milwaukee Hawks","71","5283"
"21952","Minneapolis Lakers","70","5973"
"21952","New York Knicks","70","5985"
"21952","Philadelphia Warriors","69","5434"
"21952","Rochester Royals","70","6043"
"21952","Syracuse Nationals","71","6081"
"21953","Baltimore Bullets","71","5584"
"21953","Boston Celtics","72","6312"
"21953","Ft. Wayne Zollner Pistons","72","5593"
"21953","Milwaukee Hawks","71","4974"
"21953","Minneapolis Lakers","72","5880"
"21953","New York Knicks","72","5687"
"21953","Philadelphia Warriors","72","5634"
"21953","Rochester Royals","72","5742"
"21953","Syracuse Nationals","72","6013"
"21954","Boston Celtics","72","7303"
"21954","Ft. Wayne Zollner Pistons","72","6652"
"21954","Milwaukee Hawks","72","6290"
"21954","Minneapolis Lakers","72","6885"
"21954","New York Knicks","72","6671"
"21954","Philadelphia Warriors","72","6712"
"21954","Rochester Royals","72","6535"
"21954","Syracuse Nationals","72","6557"
"21955","Boston Celtics","72","7632"
"21955","Ft. Wayne Zollner Pistons","72","6794"
"21955","Minneapolis Lakers","73","7251"
"21955","New York Knicks","73","7289"
"21955","Philadelphia Warriors","72","7424"
"21955","Rochester Royals","72","6900"
"21955","St. Louis Hawks","73","7050"
"21955","Syracuse Nationals","73","7058"
"21956","Boston Celtics","72","7599"
"21956","Ft. Wayne Zollner Pistons","73","7041"
"21956","Minneapolis Lakers","73","7474"
"21956","New York Knicks","72","7255"
"21956","Philadelphia Warriors","72","7230"
"21956","Rochester Royals","72","6728"
"21956","St. Louis Hawks","74","7320"
"21956","Syracuse Nationals","72","7175"
"21957","Boston Celtics","72","7916"
"21957","Cincinnati Royals","72","7322"
"21957","Detroit Pistons","72","7585"
"21957","Minneapolis Lakers","72","7566"
"21957","New York Knicks","72","8068"
"21957","Philadelphia Warriors","72","7507"
"21957","St. Louis Hawks","72","7738"
"21957","Syracuse Nationals","72","7721"
"21958","Boston Celtics","72","8379"
"21958","Cincinnati Royals","72","7421"
"21958","Detroit Pistons","72","7565"
"21958","Minneapolis Lakers","72","7629"
"21958","New York Knicks","72","7943"
"21958","Philadelphia Warriors","72","7435"
"21958","St. Louis Hawks","72","7830"
"21958","Syracuse Nationals","72","8146"
"21959","Boston Celtics","75","9337"
"21959","Cincinnati Royals","75","8333"
"21959","Detroit Pistons","75","8367"
"21959","Minneapolis Lakers","75","8045"
"21959","New York Knicks","75","8800"
"21959","Philadelphia Warriors","75","8895"
"21959","St. Louis Hawks","75","8506"
"21959","Syracuse Nationals","75","8917"
"21960","Boston Celtics","78","9356"
"21960","Cincinnati Royals","78","9199"
"21960","Detroit Pistons","78","9236"
"21960","Los Angeles Lakers","79","9006"
"21960","New York Knicks","79","8979"
"21960","Philadelphia Warriors","79","9558"
"21960","St. Louis Hawks","78","9248"
"21960","Syracuse Nationals","79","9586"
"21961","Boston Celtics","79","9546"
"21961","Chicago Packers","80","8874"
"21961","Cincinnati Royals","80","9845"
"21961","Detroit Pistons","80","9234"
"21961","Los Angeles Lakers","80","9482"
"21961","New York Knicks","80","9187"
"21961","Philadelphia Warriors","80","10035"
"21961","St. Louis Hawks","77","9171"
"21961","Syracuse Nationals","78","9457"
"21962","Boston Celtics","80","9504"
"21962","Chicago Zephyrs","80","8795"
"21962","Cincinnati Royals","80","9527"
"21962","Detroit Pistons","80","9112"
"21962","Los Angeles Lakers","80","9242"
"21962","New York Knicks","80","8837"
"21962","San Francisco Warriors","80","9480"
"21962","St. Louis Hawks","80","8766"
"21962","Syracuse Nationals","80","9730"
"21963","Baltimore Bullets","80","8948"
"21963","Boston Celtics","80","9042"
"21963","Cincinnati Royals","80","9178"
"21963","Detroit Pistons","80","8620"
"21963","Los Angeles Lakers","80","8774"
"21963","New York Knicks","80","8976"
"21963","Philadelphia 76ers","80","8972"
"21963","San Francisco Warriors","80","8614"
"21963","St. Louis Hawks","80","8797"
"21964","Baltimore Bullets","80","9087"
"21964","Boston Celtics","80","9024"
"21964","Cincinnati Royals","80","9135"
"21964","Detroit Pistons","80","8681"
"21964","Los Angeles Lakers","80","8948"
"21964","New York Knicks","80","8593"
"21964","Philadelphia 76ers","80","9003"
"21964","San Francisco Warriors","80","8465"
"21964","St. Louis Hawks","80","8705"
"21965","Baltimore Bullets","80","9465"
"21965","Boston Celtics","80","9014"
"21965","Cincinnati Royals","80","9424"
"21965","Detroit Pistons","80","8827"
"21965","Los Angeles Lakers","80","9557"
"21965","New York Knicks","80","9335"
"21965","Philadelphia 76ers","80","9387"
"21965","San Francisco Warriors","80","9243"
"21965","St. Louis Hawks","80","8913"
"21966","Baltimore Bullets","81","9353"
"21966","Boston Celtics","81","9664"
"21966","Chicago Bulls","81","9167"
"21966","Cincinnati Royals","81","9487"
"21966","Detroit Pistons","81","9015"
"21966","Los Angeles Lakers","81","9764"
"21966","New York Knicks","81","9425"
"21966","Philadelphia 76ers","81","10143"
"21966","San Francisco Warriors","81","9911"
"21966","St. Louis Hawks","81","9204"
"21967","Baltimore Bullets","82","9627"
"21967","Boston Celtics","82","9523"
"21967","Chicago Bulls","82","8982"
"21967","Cincinnati Royals","82","9562"
"21967","Detroit Pistons","82","9725"
"21967","Los Angeles Lakers","82","9937"
"21967","New York Knicks","82","9523"
"21967","Philadelphia 76ers","82","10051"
"21967","San Diego Rockets","82","9215"
"21967","San Francisco Warriors","82","9598"
"21967","Seattle SuperSonics","82","9732"
"21967","St. Louis Hawks","82","9266"
"21968","Atlanta Hawks","82","9123"
"21968","Baltimore Bullets","82","9542"
"21968","Boston Celtics","82","9102"
"21968","Chicago Bulls","82","8587"
"21968","Cincinnati Royals","82","9392"
"21968","Detroit Pistons","82","9359"
"21968","Los Angeles Lakers","82","9204"
"21968","Milwaukee Bucks","82","9040"
"21968","New York Knicks","82","9087"
"21968","Philadelphia 76ers","82","9746"
"21968","Phoenix Suns","82","9162"
"21968","San Diego Rockets","82","9456"
"21968","San Francisco Warriors","82","8947"
"21968","Seattle SuperSonics","82","9191"
"21969","Atlanta Hawks","82","9646"
"21969","Baltimore Bullets","82","9900"
"21969","Boston Celtics","82","9422"
"21969","Chicago Bulls","82","9423"
"21969","Cincinnati Royals","82","9616"
"21969","Detroit Pistons","82","9246"
"21969","Los Angeles Lakers","82","9327"
"21969","Milwaukee Bucks","82","9741"
"21969","New York Knicks","82","9427"
"21969","Philadelphia 76ers","82","9998"
"21969","Phoenix Suns","82","9786"
"21969","San Diego Rockets","82","9732"
"21969","San Francisco Warriors","82","9114"
"21969","Seattle SuperSonics","82","9589"
"21970","Atlanta Hawks","82","9348"
"21970","Baltimore Bullets","82","9254"
"21970","Boston Celtics","82","9608"
"21970","Buffalo Braves","82","8653"
"21970","Chicago Bulls","82","9070"
"21970","Cincinnati Royals","82","9511"
"21970","Cleveland Cavaliers","82","8373"
"21970","Detroit Pistons","82","9029"
"21970","Los Angeles Lakers","82","9411"
"21970","Milwaukee Bucks","82","9710"
"21970","New York Knicks","82","9026"
"21970","Philadelphia 76ers","82","9415"
"21970","Phoenix Suns","82","9333"
"21970","Portland Trail Blazers","82","9467"
"21970","San Diego Rockets","82","9282"
"21970","San Francisco Warriors","82","8783"
"21970","Seattle SuperSonics","82","9429"
"21971","Atlanta Hawks","82","8982"
"21971","Baltimore Bullets","82","8784"
"21971","Boston Celtics","82","9477"
"21971","Buffalo Braves","82","8367"
"21971","Chicago Bulls","82","9117"
"21971","Cincinnati Royals","82","8836"
"21971","Cleveland Cavaliers","82","8674"
"21971","Detroit Pistons","82","8945"
"21971","Golden State Warriors","82","8871"
"21971","Houston Rockets","82","8993"
"21971","Los Angeles Lakers","82","9920"
"21971","Milwaukee Bucks","82","9400"
"21971","New York Knicks","82","8785"
"21971","Philadelphia 76ers","82","9203"
"21971","Phoenix Suns","82","9534"
"21971","Portland Trail Blazers","82","8759"
"21971","Seattle SuperSonics","82","8957"
"21972","Atlanta Hawks","82","9219"
"21972","Baltimore Bullets","82","8606"
"21972","Boston Celtics","82","9238"
"21972","Buffalo Braves","82","8471"
"21972","Chicago Bulls","82","8534"
"21972","Cleveland Cavaliers","82","8418"
"21972","Detroit Pistons","82","9042"
"21972","Golden State Warriors","82","8923"
"21972","Houston Rockets","82","9250"
"21972","Kansas City-Omaha Kings","82","8822"
"21972","Los Angeles Lakers","82","9157"
"21972","Milwaukee Bucks","82","8789"
"21972","New York Knicks","82","8610"
"21972","Philadelphia 76ers","82","8540"
"21972","Phoenix Suns","82","9155"
"21972","Portland Trail Blazers","82","8707"
"21972","Seattle SuperSonics","82","8500"
"21973","Atlanta Hawks","82","8907"
"21973","Boston Celtics","82","8937"
"21973","Buffalo Braves","82","9155"
"21973","Capital Bullets","82","8353"
"21973","Chicago Bulls","82","8368"
"21973","Cleveland Cavaliers","82","8221"
"21973","Detroit Pistons","82","8560"
"21973","Golden State Warriors","82","9011"
"21973","Houston Rockets","82","8810"
"21973","Kansas City-Omaha Kings","82","8366"
"21973","Los Angeles Lakers","82","8951"
"21973","Milwaukee Bucks","82","8780"
"21973","New York Knicks","82","8306"
"21973","Philadelphia 76ers","82","8295"
"21973","Phoenix Suns","82","8847"
"21973","Portland Trail Blazers","82","8761"
"21973","Seattle SuperSonics","82","8774"
"21974","Atlanta Hawks","82","8620"
"21974","Boston Celtics","82","8734"
"21974","Buffalo Braves","82","8839"
"21974","Chicago Bulls","82","8045"
"21974","Cleveland Cavaliers","82","8117"
"21974","Detroit Pistons","82","8111"
"21974","Golden State Warriors","82","8898"
"21974","Houston Rockets","82","8521"
"21974","Kansas City-Omaha Kings","82","8311"
"21974","Los Angeles Lakers","82","8459"
"21974","Milwaukee Bucks","82","8254"
"21974","New Orleans Jazz","82","8319"
"21974","New York Knicks","82","8236"
"21974","Philadelphia 76ers","82","8180"
"21974","Phoenix Suns","82","8297"
"21974","Portland Trail Blazers","82","8508"
"21974","Seattle SuperSonics","82","8451"
"21974","Washington Bullets","82","8585"
"21975","Atlanta Hawks","82","8411"
"21975","Boston Celtics","82","8708"
"21975","Buffalo Braves","82","8795"
"21975","Chicago Bulls","82","7863"
"21975","Cleveland Cavaliers","82","8340"
"21975","Detroit Pistons","82","8605"
"21975","Golden State Warriors","82","9002"
"21975","Houston Rockets","82","8708"
"21975","Kansas City Kings","82","8474"
"21975","Los Angeles Lakers","82","8764"
"21975","Milwaukee Bucks","82","8349"
"21975","New Orleans Jazz","82","8535"
"21975","New York Knicks","82","8418"
"21975","Philadelphia 76ers","82","8735"
"21975","Phoenix Suns","82","8620"
"21975","Portland Trail Blazers","82","8533"
"21975","Seattle SuperSonics","82","8726"
"21975","Washington Bullets","82","8427"
"21976","Atlanta Hawks","82","8394"
"21976","Boston Celtics","82","8572"
"21976","Buffalo Braves","82","8612"
"21976","Chicago Bulls","82","8111"
"21976","Cleveland Cavaliers","82","8370"
"21976","Denver Nuggets","82","9233"
"21976","Detroit Pistons","82","8970"
"21976","Golden State Warriors","82","9097"
"21976","Houston Rockets","82","8726"
"21976","Indiana Pacers","82","8758"
"21976","Kansas City Kings","82","8828"
"21976","Los Angeles Lakers","82","8763"
"21976","Milwaukee Bucks","82","8889"
"21976","New Orleans Jazz","82","8574"
"21976","New York Knicks","82","8905"
"21976","New York Nets","82","7865"
"21976","Philadelphia 76ers","82","9034"
"21976","Phoenix Suns","82","8603"
"21976","Portland Trail Blazers","82","9163"
"21976","San Antonio Spurs","82","9432"
"21976","Seattle SuperSonics","82","8524"
"21976","Washington Bullets","82","8650"
"21977","Atlanta Hawks","82","8506"
"21977","Boston Celtics","82","8670"
"21977","Buffalo Braves","82","8634"
"21977","Chicago Bulls","82","8523"
"21977","Cleveland Cavaliers","82","8561"
"21977","Denver Nuggets","82","9164"
"21977","Detroit Pistons","82","8936"
"21977","Golden State Warriors","82","8698"
"21977","Houston Rockets","82","8513"
"21977","Indiana Pacers","82","8904"
"21977","Kansas City Kings","82","8977"
"21977","Los Angeles Lakers","82","9044"
"21977","Milwaukee Bucks","82","9214"
"21977","New Jersey Nets","82","8746"
"21977","New Orleans Jazz","82","8826"
"21977","New York Knicks","82","9300"
"21977","Philadelphia 76ers","82","9409"
"21977","Phoenix Suns","82","9211"
"21977","Portland Trail Blazers","82","8829"
"21977","San Antonio Spurs","82","9385"
"21977","Seattle SuperSonics","82","8565"
"21977","Washington Bullets","82","9047"
"21978","Atlanta Hawks","82","8950"
"21978","Boston Celtics","82","8874"
"21978","Chicago Bulls","82","8588"
"21978","Cleveland Cavaliers","82","8732"
"21978","Denver Nuggets","82","9080"
"21978","Detroit Pistons","82","9023"
"21978","Golden State Warriors","82","8621"
"21978","Houston Rockets","82","9297"
"21978","Indiana Pacers","82","8909"
"21978","Kansas City Kings","82","9274"
"21978","Los Angeles Lakers","82","9260"
"21978","Milwaukee Bucks","82","9353"
"21978","New Jersey Nets","82","8832"
"21978","New Orleans Jazz","82","8882"
"21978","New York Knicks","82","8830"
"21978","Philadelphia 76ers","82","8983"
"21978","Phoenix Suns","82","9459"
"21978","Portland Trail Blazers","82","8888"
"21978","San Antonio Spurs","82","9780"
"21978","San Diego Clippers","82","9278"
"21978","Seattle SuperSonics","82","8740"
"21978","Washington Bullets","82","9423"
"21979","Atlanta Hawks","82","8573"
"21979","Boston Celtics","82","9303"
"21979","Chicago Bulls","82","8813"
"21979","Cleveland Cavaliers","82","9360"
"21979","Denver Nuggets","82","8878"
"21979","Detroit Pistons","82","8933"
"21979","Golden State Warriors","82","8493"
"21979","Houston Rockets","82","9084"
"21979","Indiana Pacers","82","9119"
"21979","Kansas City Kings","82","8860"
"21979","Los Angeles Lakers","82","9438"
"21979","Milwaukee Bucks","82","9025"
"21979","New Jersey Nets","82","8879"
"21979","New York Knicks","82","9344"
"21979","Philadelphia 76ers","82","8949"
"21979","Phoenix Suns","82","9114"
"21979","Portland Trail Blazers","82","8402"
"21979","San Antonio Spurs","82","9788"
"21979","San Diego Clippers","82","8820"
"21979","Seattle SuperSonics","82","8897"
"21979","Utah Jazz","82","8394"
"21979","Washington Bullets","82","8773"
"21980","Atlanta Hawks","82","8604"
"21980","Boston Celtics","82","9008"
"21980","Chicago Bulls","82","8937"
"21980","Cleveland Cavaliers","82","8670"
"21980","Dallas Mavericks","82","8322"
"21980","Denver Nuggets","82","9986"
"21980","Detroit Pistons","82","8174"
"21980","Golden State Warriors","82","9006"
"21980","Houston Rockets","82","8878"
"21980","Indiana Pacers","82","8827"
"21980","Kansas City Kings","82","8769"
"21980","Los Angeles Lakers","82","9117"
"21980","Milwaukee Bucks","82","9276"
"21980","New Jersey Nets","82","8768"
"21980","New York Knicks","82","8849"
"21980","Philadelphia 76ers","82","9156"
"21980","Phoenix Suns","82","9019"
"21980","Portland Trail Blazers","82","9080"
"21980","San Antonio Spurs","82","9209"
"21980","San Diego Clippers","82","8737"
"21980","Seattle SuperSonics","82","8531"
"21980","Utah Jazz","82","8301"
"21980","Washington Bullets","82","8662"
"21981","Atlanta Hawks","82","8281"
"21981","Boston Celtics","82","9180"
"21981","Chicago Bulls","82","8743"
"21981","Cleveland Cavaliers","82","8463"
"21981","Dallas Mavericks","82","8575"
"21981","Denver Nuggets","82","10371"
"21981","Detroit Pistons","82","9112"
"21981","Golden State Warriors","82","9092"
"21981","Houston Rockets","82","8680"
"21981","Indiana Pacers","82","8379"
"21981","Kansas City Kings","82","8785"
"21981","Los Angeles Lakers","82","9400"
"21981","Milwaukee Bucks","82","8890"
"21981","New Jersey Nets","82","8746"
"21981","New York Knicks","82","8707"
"21981","Philadelphia 76ers","82","9119"
"21981","Phoenix Suns","82","8705"
"21981","Portland Trail Blazers","82","9006"
"21981","San Antonio Spurs","82","9272"
"21981","San Diego Clippers","82","8896"
"21981","Seattle SuperSonics","82","8795"
"21981","Utah Jazz","82","9094"
"21981","Washington Bullets","82","8485"
"21982","Atlanta Hawks","82","8335"
"21982","Boston Celtics","82","9191"
"21982","Chicago Bulls","82","9102"
"21982","Cleveland Cavaliers","82","7964"
"21982","Dallas Mavericks","82","9243"
"21982","Denver Nuggets","82","10105"
"21982","Detroit Pistons","82","9239"
"21982","Golden State Warriors","82","8908"
"21982","Houston Rockets","82","8145"
"21982","Indiana Pacers","82","8911"
"21982","Kansas City Kings","82","9328"
"21982","Los Angeles Lakers","82","9433"
"21982","Milwaukee Bucks","82","8740"
"21982","New Jersey Nets","82","8672"
"21982","New York Knicks","82","8198"
"21982","Philadelphia 76ers","82","9191"
"21982","Phoenix Suns","82","8776"
"21982","Portland Trail Blazers","82","8808"
"21982","San Antonio Spurs","82","9375"
"21982","San Diego Clippers","82","8903"
"21982","Seattle SuperSonics","82","9019"
"21982","Utah Jazz","82","8938"
"21982","Washington Bullets","82","8134"
"21983","Atlanta Hawks","82","8321"
"21983","Boston Celtics","82","9194"
"21983","Chicago Bulls","82","8501"
"21983","Cleveland Cavaliers","82","8386"
"21983","Dallas Mavericks","82","9052"
"21983","Denver Nuggets","82","10147"
"21983","Detroit Pistons","82","9602"
"21983","Golden State Warriors","82","9008"
"21983","Houston Rockets","82","9071"
"21983","Indiana Pacers","82","8566"
"21983","Kansas City Kings","82","9023"
"21983","Los Angeles Lakers","82","9478"
"21983","Milwaukee Bucks","82","8666"
"21983","New Jersey Nets","82","9019"
"21983","New York Knicks","82","8763"
"21983","Philadelphia 76ers","82","8838"
"21983","Phoenix Suns","82","9101"
"21983","Portland Trail Blazers","82","9277"
"21983","San Antonio Spurs","82","9862"
"21983","San Diego Clippers","82","9077"
"21983","Seattle SuperSonics","82","8865"
"21983","Utah Jazz","82","9428"
"21983","Washington Bullets","82","8423"
"21984","Atlanta Hawks","82","8743"
"21984","Boston Celtics","82","9412"
"21984","Chicago Bulls","82","8916"
"21984","Cleveland Cavaliers","82","8903"
"21984","Dallas Mavericks","82","9116"
"21984","Denver Nuggets","82","9841"
"21984","Detroit Pistons","82","9508"
"21984","Golden State Warriors","82","9052"
"21984","Houston Rockets","82","9118"
"21984","Indiana Pacers","82","8879"
"21984","Kansas City Kings","82","9413"
"21984","Los Angeles Clippers","82","8784"
"21984","Los Angeles Lakers","82","9696"
"21984","Milwaukee Bucks","82","9090"
"21984","New Jersey Nets","82","8975"
"21984","New York Knicks","82","8627"
"21984","Philadelphia 76ers","82","9261"
"21984","Phoenix Suns","82","8858"
"21984","Portland Trail Blazers","82","9469"
"21984","San Antonio Spurs","82","9412"
"21984","Seattle SuperSonics","82","8376"
"21984","Utah Jazz","82","8937"
"21984","Washington Bullets","82","8655"
"21985","Atlanta Hawks","82","8906"
"21985","Boston Celtics","82","9359"
"21985","Chicago Bulls","82","8962"
"21985","Cleveland Cavaliers","82","8836"
"21985","Dallas Mavericks","82","9453"
"21985","Denver Nuggets","82","9410"
"21985","Detroit Pistons","82","9363"
"21985","Golden State Warriors","82","9299"
"21985","Houston Rockets","82","9379"
"21985","Indiana Pacers","82","8519"
"21985","Los Angeles Clippers","82","8907"
"21985","Los Angeles Lakers","82","9618"
"21985","Milwaukee Bucks","82","9390"
"21985","New Jersey Nets","82","8949"
"21985","New York Knicks","82","8094"
"21985","Philadelphia 76ers","82","9051"
"21985","Phoenix Suns","82","9023"
"21985","Portland Trail Blazers","82","9436"
"21985","Sacramento Kings","82","8924"
"21985","San Antonio Spurs","82","9120"
"21985","Seattle SuperSonics","82","8564"
"21985","Utah Jazz","82","8871"
"21985","Washington Bullets","82","8442"
"21986","Atlanta Hawks","82","9024"
"21986","Boston Celtics","82","9237"
"21986","Chicago Bulls","82","8596"
"21986","Cleveland Cavaliers","82","8558"
"21986","Dallas Mavericks","82","9567"
"21986","Denver Nuggets","82","9569"
"21986","Detroit Pistons","82","9118"
"21986","Golden State Warriors","82","9188"
"21986","Houston Rockets","82","8765"
"21986","Indiana Pacers","82","8698"
"21986","Los Angeles Clippers","82","8566"
"21986","Los Angeles Lakers","82","9656"
"21986","Milwaukee Bucks","82","9052"
"21986","New Jersey Nets","82","8893"
"21986","New York Knicks","82","8508"
"21986","Philadelphia 76ers","82","8729"
"21986","Phoenix Suns","82","9111"
"21986","Portland Trail Blazers","82","9667"
"21986","Sacramento Kings","82","9095"
"21986","San Antonio Spurs","82","8882"
"21986","Seattle SuperSonics","82","9325"
"21986","Utah Jazz","82","8844"
"21986","Washington Bullets","82","8690"
"21987","Atlanta Hawks","82","8844"
"21987","Boston Celtics","82","9315"
"21987","Chicago Bulls","82","8609"
"21987","Cleveland Cavaliers","82","8566"
"21987","Dallas Mavericks","82","8960"
"21987","Denver Nuggets","82","9573"
"21987","Detroit Pistons","82","8957"
"21987","Golden State Warriors","82","8771"
"21987","Houston Rockets","82","8935"
"21987","Indiana Pacers","82","8581"
"21987","Los Angeles Clippers","82","8103"
"21987","Los Angeles Lakers","82","9250"
"21987","Milwaukee Bucks","82","8697"
"21987","New Jersey Nets","82","8235"
"21987","New York Knicks","82","8655"
"21987","Philadelphia 76ers","82","8667"
"21987","Phoenix Suns","82","8901"
"21987","Portland Trail Blazers","82","9518"
"21987","Sacramento Kings","82","8855"
"21987","San Antonio Spurs","82","9314"
"21987","Seattle SuperSonics","82","9135"
"21987","Utah Jazz","82","8899"
"21987","Washington Bullets","82","8653"
"21989","Atlanta Hawks","82","8901"
"21989","Boston Celtics","82","9023"
"21989","Charlotte Hornets","82","8232"
"21989","Chicago Bulls","82","8977"
"21989","Cleveland Cavaliers","82","8411"
"21989","Dallas Mavericks","82","8384"
"21989","Denver Nuggets","82","9397"
"21989","Detroit Pistons","82","8556"
"21989","Golden State Warriors","82","9534"
"21989","Houston Rockets","82","8752"
"21989","Indiana Pacers","82","8962"
"21989","Los Angeles Clippers","82","8509"
"21989","Los Angeles Lakers","82","9079"
"21989","Miami Heat","82","8247"
"21989","Milwaukee Bucks","82","8691"
"21989","Minnesota Timberwolves","82","7803"
"21989","New Jersey Nets","82","8208"
"21989","New York Knicks","82","8879"
"21989","Orlando Magic","82","9090"
"21989","Philadelphia 76ers","82","9039"
"21989","Phoenix Suns","82","9423"
"21989","Portland Trail Blazers","82","9365"
"21989","Sacramento Kings","82","8341"
"21989","San Antonio Spurs","82","8718"
"21989","Seattle SuperSonics","82","8769"
"21989","Utah Jazz","82","8760"
"21989","Washington Bullets","82","8832"
"21990","Atlanta Hawks","82","9003"
"21990","Boston Celtics","82","9145"
"21990","Charlotte Hornets","82","8428"
"21990","Chicago Bulls","82","9024"
"21990","Cleveland Cavaliers","82","8343"
"21990","Dallas Mavericks","82","8195"
"21990","Denver Nuggets","82","9828"
"21990","Detroit Pistons","82","8205"
"21990","Golden State Warriors","82","9564"
"21990","Houston Rockets","82","8753"
"21990","Indiana Pacers","82","9159"
"21990","Los Angeles Clippers","82","8491"
"21990","Los Angeles Lakers","82","8717"
"21990","Miami Heat","82","8349"
"21990","Milwaukee Bucks","82","8727"
"21990","Minnesota Timberwolves","82","8169"
"21990","New Jersey Nets","82","8441"
"21990","New York Knicks","82","8455"
"21990","Orlando Magic","82","8684"
"21990","Philadelphia 76ers","82","8641"
"21990","Phoenix Suns","82","9348"
"21990","Portland Trail Blazers","82","9407"
"21990","Sacramento Kings","82","7928"
"21990","San Antonio Spurs","82","8782"
"21990","Seattle SuperSonics","82","8744"
"21990","Utah Jazz","82","8527"
"21990","Washington Bullets","82","8313"
"21991","Atlanta Hawks","82","8711"
"21991","Boston Celtics","82","8745"
"21991","Charlotte Hornets","82","8980"
"21991","Chicago Bulls","82","9011"
"21991","Cleveland Cavaliers","82","8926"
"21991","Dallas Mavericks","82","8007"
"21991","Denver Nuggets","82","8176"
"21991","Detroit Pistons","82","8113"
"21991","Golden State Warriors","82","9732"
"21991","Houston Rockets","82","8366"
"21991","Indiana Pacers","82","9197"
"21991","Los Angeles Clippers","82","8440"
"21991","Los Angeles Lakers","82","8229"
"21991","Miami Heat","82","8608"
"21991","Milwaukee Bucks","82","8608"
"21991","Minnesota Timberwolves","82","8237"
"21991","New Jersey Nets","82","8641"
"21991","New York Knicks","82","8328"
"21991","Orlando Magic","82","8330"
"21991","Philadelphia 76ers","82","8358"
"21991","Phoenix Suns","82","9194"
"21991","Portland Trail Blazers","82","9135"
"21991","Sacramento Kings","82","8549"
"21991","San Antonio Spurs","82","8524"
"21991","Seattle SuperSonics","82","8737"
"21991","Utah Jazz","82","8877"
"21991","Washington Bullets","82","8395"
"21992","Atlanta Hawks","82","8814"
"21992","Boston Celtics","82","8502"
"21992","Charlotte Hornets","82","9030"
"21992","Chicago Bulls","82","8625"
"21992","Cleveland Cavaliers","82","8832"
"21992","Dallas Mavericks","82","8141"
"21992","Denver Nuggets","82","8626"
"21992","Detroit Pistons","82","8252"
"21992","Golden State Warriors","82","9014"
"21992","Houston Rockets","82","8531"
"21992","Indiana Pacers","82","8836"
"21992","Los Angeles Clippers","82","8783"
"21992","Los Angeles Lakers","82","8546"
"21992","Miami Heat","82","8495"
"21992","Milwaukee Bucks","82","8392"
"21992","Minnesota Timberwolves","82","8046"
"21992","New Jersey Nets","82","8431"
"21992","New York Knicks","82","8328"
"21992","Orlando Magic","82","8652"
"21992","Philadelphia 76ers","82","8556"
"21992","Phoenix Suns","82","9298"
"21992","Portland Trail Blazers","82","8898"
"21992","Sacramento Kings","82","8847"
"21992","San Antonio Spurs","82","8652"
"21992","Seattle SuperSonics","82","8884"
"21992","Utah Jazz","82","8709"
"21992","Washington Bullets","82","8353"
"21993","Atlanta Hawks","82","8318"
"21993","Boston Celtics","82","8267"
"21993","Charlotte Hornets","82","8732"
"21993","Chicago Bulls","82","8033"
"21993","Cleveland Cavaliers","82","8296"
"21993","Dallas Mavericks","82","7801"
"21993","Denver Nuggets","82","8221"
"21993","Detroit Pistons","82","7949"
"21993","Golden State Warriors","82","8844"
"21993","Houston Rockets","82","8292"
"21993","Indiana Pacers","82","8280"
"21993","Los Angeles Clippers","82","8447"
"21993","Los Angeles Lakers","82","8233"
"21993","Miami Heat","82","8475"
"21993","Milwaukee Bucks","82","7949"
"21993","Minnesota Timberwolves","82","7930"
"21993","New Jersey Nets","82","8461"
"21993","New York Knicks","82","8076"
"21993","Orlando Magic","82","8666"
"21993","Philadelphia 76ers","82","8033"
"21993","Phoenix Suns","82","8876"
"21993","Portland Trail Blazers","82","8795"
"21993","Sacramento Kings","82","8291"
"21993","San Antonio Spurs","82","8202"
"21993","Seattle SuperSonics","82","8687"
"21993","Utah Jazz","82","8354"
"21993","Washington Bullets","82","8229"
"21994","Atlanta Hawks","82","7921"
"21994","Boston Celtics","82","8428"
"21994","Charlotte Hornets","82","8249"
"21994","Chicago Bulls","82","8325"
"21994","Cleveland Cavaliers","82","7417"
"21994","Dallas Mavericks","82","8462"
"21994","Denver Nuggets","82","8309"
"21994","Detroit Pistons","82","8053"
"21994","Golden State Warriors","82","8667"
"21994","Houston Rockets","82","8491"
"21994","Indiana Pacers","82","8136"
"21994","Los Angeles Clippers","82","7927"
"21994","Los Angeles Lakers","82","8616"
"21994","Miami Heat","82","8293"
"21994","Milwaukee Bucks","82","8146"
"21994","Minnesota Timberwolves","82","7726"
"21994","New Jersey Nets","82","8042"
"21994","New York Knicks","82","8054"
"21994","Orlando Magic","82","9091"
"21994","Philadelphia 76ers","82","7820"
"21994","Phoenix Suns","82","9073"
"21994","Portland Trail Blazers","82","8451"
"21994","Sacramento Kings","82","8056"
"21994","San Antonio Spurs","82","8742"
"21994","Seattle SuperSonics","82","9055"
"21994","Utah Jazz","82","8726"
"21994","Washington Bullets","82","8242"
"21995","Atlanta Hawks","82","8059"
"21995","Boston Celtics","82","8495"
"21995","Charlotte Hornets","82","8431"
"21995","Chicago Bulls","82","8625"
"21995","Cleveland Cavaliers","82","7473"
"21995","Dallas Mavericks","82","8409"
"21995","Denver Nuggets","82","8013"
"21995","Detroit Pistons","82","7822"
"21995","Golden State Warriors","82","8334"
"21995","Houston Rockets","82","8404"
"21995","Indiana Pacers","82","8144"
"21995","Los Angeles Clippers","82","8153"
"21995","Los Angeles Lakers","82","8438"
"21995","Miami Heat","82","7909"
"21995","Milwaukee Bucks","82","7837"
"21995","Minnesota Timberwolves","82","8024"
"21995","New Jersey Nets","82","7684"
"21995","New York Knicks","82","7971"
"21995","Orlando Magic","82","8571"
"21995","Philadelphia 76ers","82","7746"
"21995","Phoenix Suns","82","8552"
"21995","Portland Trail Blazers","82","8145"
"21995","Sacramento Kings","82","8163"
"21995","San Antonio Spurs","82","8477"
"21995","Seattle SuperSonics","82","8572"
"21995","Toronto Raptors","82","7994"
"21995","Utah Jazz","82","8404"
"21995","Vancouver Grizzlies","82","7362"
"21995","Washington Bullets","82","8408"
"21996","Atlanta Hawks","82","7774"
"21996","Boston Celtics","82","8248"
"21996","Charlotte Hornets","82","8108"
"21996","Chicago Bulls","82","8458"
"21996","Cleveland Cavaliers","81","7072"
"21996","Dallas Mavericks","82","7431"
"21996","Denver Nuggets","81","7934"
"21996","Detroit Pistons","82","7723"
"21996","Golden State Warriors","82","8171"
"21996","Houston Rockets","82","8248"
"21996","Indiana Pacers","82","7819"
"21996","Los Angeles Clippers","82","7969"
"21996","Los Angeles Lakers","82","8200"
"21996","Miami Heat","82","7776"
"21996","Milwaukee Bucks","82","7818"
"21996","Minnesota Timberwolves","82","7882"
"21996","New Jersey Nets","82","7974"
"21996","New York Knicks","82","7819"
"21996","Orlando Magic","82","7719"
"21996","Philadelphia 76ers","82","8215"
"21996","Phoenix Suns","82","8431"
"21996","Portland Trail Blazers","82","8114"
"21996","Sacramento Kings","82","7908"
"21996","San Antonio Spurs","82","7418"
"21996","Seattle SuperSonics","82","8274"
"21996","Toronto Raptors","82","7829"
"21996","Utah Jazz","82","8454"
"21996","Vancouver Grizzlies","82","7313"
"21996","Washington Bullets","82","8147"
"21997","Atlanta Hawks","82","7860"
"21997","Boston Celtics","82","7864"
"21997","Charlotte Hornets","82","7923"
"21997","Chicago Bulls","82","7931"
"21997","Cleveland Cavaliers","82","7585"
"21997","Dallas Mavericks","82","7494"
"21997","Denver Nuggets","82","7300"
"21997","Detroit Pistons","82","7721"
"21997","Golden State Warriors","82","7237"
"21997","Houston Rockets","82","8099"
"21997","Indiana Pacers","82","7874"
"21997","Los Angeles Clippers","82","7865"
"21997","Los Angeles Lakers","82","8652"
"21997","Miami Heat","82","7787"
"21997","Milwaukee Bucks","82","7748"
"21997","Minnesota Timberwolves","82","8290"
"21997","New Jersey Nets","82","8170"
"21997","New York Knicks","82","7509"
"21997","Orlando Magic","82","7387"
"21997","Philadelphia 76ers","82","7651"
"21997","Phoenix Suns","82","8166"
"21997","Portland Trail Blazers","82","7734"
"21997","Sacramento Kings","82","7637"
"21997","San Antonio Spurs","82","7587"
"21997","Seattle SuperSonics","82","8246"
"21997","Toronto Raptors","82","7781"
"21997","Utah Jazz","82","8279"
"21997","Vancouver Grizzlies","82","7923"
"21997","Washington Wizards","82","7969"
"21998","Atlanta Hawks","50","4315"
"21998","Boston Celtics","50","4650"
"21998","Charlotte Hornets","50","4644"
"21998","Chicago Bulls","50","4095"
"21998","Cleveland Cavaliers","50","4322"
"21998","Dallas Mavericks","50","4581"
"21998","Denver Nuggets","50","4674"
"21998","Detroit Pistons","50","4518"
"21998","Golden State Warriors","50","4416"
"21998","Houston Rockets","50","4711"
"21998","Indiana Pacers","50","4733"
"21998","Los Angeles Clippers","50","4519"
"21998","Los Angeles Lakers","50","4950"
"21998","Miami Heat","50","4449"
"21998","Milwaukee Bucks","50","4584"
"21998","Minnesota Timberwolves","50","4647"
"21998","New Jersey Nets","50","4569"
"21998","New York Knicks","50","4320"
"21998","Orlando Magic","50","4473"
"21998","Philadelphia 76ers","50","4483"
"21998","Phoenix Suns","50","4779"
"21998","Portland Trail Blazers","50","4742"
"21998","Sacramento Kings","50","5009"
"21998","San Antonio Spurs","50","4640"
"21998","Seattle SuperSonics","50","4743"
"21998","Toronto Raptors","50","4557"
"21998","Utah Jazz","50","4666"
"21998","Vancouver Grizzlies","50","4443"
"21998","Washington Wizards","50","4560"
"21999","Atlanta Hawks","82","7735"
"21999","Boston Celtics","82","8146"
"21999","Charlotte Hornets","82","8072"
"21999","Chicago Bulls","82","6952"
"21999","Cleveland Cavaliers","82","7950"
"21999","Dallas Mavericks","82","8316"
"21999","Denver Nuggets","82","8115"
"21999","Detroit Pistons","82","8483"
"21999","Golden State Warriors","82","7834"
"21999","Houston Rockets","82","8156"
"21999","Indiana Pacers","82","8306"
"21999","Los Angeles Clippers","82","7546"
"21999","Los Angeles Lakers","82","8267"
"21999","Miami Heat","82","7739"
"21999","Milwaukee Bucks","82","8300"
"21999","Minnesota Timberwolves","82","8079"
"21999","New Jersey Nets","82","8036"
"21999","New York Knicks","82","7555"
"21999","Orlando Magic","82","8206"
"21999","Philadelphia 76ers","82","7771"
"21999","Phoenix Suns","82","8111"
"21999","Portland Trail Blazers","82","7991"
"21999","Sacramento Kings","82","8607"
"21999","San Antonio Spurs","82","7886"
"21999","Seattle SuperSonics","82","8125"
"21999","Toronto Raptors","82","7968"
"21999","Utah Jazz","82","7914"
"21999","Vancouver Grizzlies","82","7702"
"21999","Washington Wizards","82","7921"
"22000","Atlanta Hawks","82","7459"
"22000","Boston Celtics","82","7759"
"22000","Charlotte Hornets","82","7539"
"22000","Chicago Bulls","82","7181"
"22000","Cleveland Cavaliers","82","7561"
"22000","Dallas Mavericks","82","8239"
"22000","Denver Nuggets","82","7918"
"22000","Detroit Pistons","82","7837"
"22000","Golden State Warriors","82","7584"
"22000","Houston Rockets","82","7972"
"22000","Indiana Pacers","82","7591"
"22000","Los Angeles Clippers","82","7581"
"22000","Los Angeles Lakers","82","8251"
"22000","Miami Heat","82","7289"
"22000","Milwaukee Bucks","82","8260"
"22000","Minnesota Timberwolves","82","7982"
"22000","New Jersey Nets","82","7552"
"22000","New York Knicks","82","7275"
"22000","Orlando Magic","82","7992"
"22000","Philadelphia 76ers","82","7763"
"22000","Phoenix Suns","82","7710"
"22000","Portland Trail Blazers","82","7824"
"22000","Sacramento Kings","82","8343"
"22000","San Antonio Spurs","82","7886"
"22000","Seattle SuperSonics","82","7978"
"22000","Toronto Raptors","82","8007"
"22000","Utah Jazz","82","7959"
"22000","Vancouver Grizzlies","82","7522"
"22000","Washington Wizards","82","7645"
"22001","Atlanta Hawks","82","7711"
"22001","Boston Celtics","82","7901"
"22001","Charlotte Hornets","82","7700"
"22001","Chicago Bulls","82","7335"
"22001","Cleveland Cavaliers","82","7812"
"22001","Dallas Mavericks","82","8629"
"22001","Denver Nuggets","82","7559"
"22001","Detroit Pistons","82","7735"
"22001","Golden State Warriors","82","8009"
"22001","Houston Rockets","82","7572"
"22001","Indiana Pacers","82","7938"
"22001","Los Angeles Clippers","82","7846"
"22001","Los Angeles Lakers","82","8304"
"22001","Memphis Grizzlies","82","7372"
"22001","Miami Heat","82","7150"
"22001","Milwaukee Bucks","82","7996"
"22001","Minnesota Timberwolves","82","8145"
"22001","New Jersey Nets","82","7889"
"22001","New York Knicks","82","7514"
"22001","Orlando Magic","82","8240"
"22001","Philadelphia 76ers","82","7461"
"22001","Phoenix Suns","82","7802"
"22001","Portland Trail Blazers","82","7925"
"22001","Sacramento Kings","82","8578"
"22001","San Antonio Spurs","82","7932"
"22001","Seattle SuperSonics","82","8014"
"22001","Toronto Raptors","82","7494"
"22001","Utah Jazz","82","7871"
"22001","Washington Wizards","82","7609"
"22002","Atlanta Hawks","82","7714"
"22002","Boston Celtics","82","7599"
"22002","Chicago Bulls","82","7786"
"22002","Cleveland Cavaliers","82","7495"
"22002","Dallas Mavericks","82","8444"
"22002","Denver Nuggets","82","6901"
"22002","Detroit Pistons","82","7492"
"22002","Golden State Warriors","82","8400"
"22002","Houston Rockets","82","7688"
"22002","Indiana Pacers","82","7940"
"22002","Los Angeles Clippers","82","7693"
"22002","Los Angeles Lakers","82","8230"
"22002","Memphis Grizzlies","82","7995"
"22002","Miami Heat","82","7016"
"22002","Milwaukee Bucks","82","8158"
"22002","Minnesota Timberwolves","82","8046"
"22002","New Jersey Nets","82","7820"
"22002","New Orleans Hornets","82","7699"
"22002","New York Knicks","82","7860"
"22002","Orlando Magic","82","8078"
"22002","Philadelphia 76ers","82","7941"
"22002","Phoenix Suns","82","7834"
"22002","Portland Trail Blazers","82","7803"
"22002","Sacramento Kings","82","8342"
"22002","San Antonio Spurs","82","7856"
"22002","Seattle SuperSonics","82","7555"
"22002","Toronto Raptors","82","7453"
"22002","Utah Jazz","82","7762"
"22002","Washington Wizards","82","7502"
"22003","Atlanta Hawks","82","7611"
"22003","Boston Celtics","82","7811"
"22003","Chicago Bulls","82","7355"
"22003","Cleveland Cavaliers","82","7619"
"22003","Dallas Mavericks","82","8626"
"22003","Denver Nuggets","82","7972"
"22003","Detroit Pistons","82","7388"
"22003","Golden State Warriors","82","7649"
"22003","Houston Rockets","82","7362"
"22003","Indiana Pacers","82","7493"
"22003","Los Angeles Clippers","82","7771"
"22003","Los Angeles Lakers","82","8052"
"22003","Memphis Grizzlies","82","7930"
"22003","Miami Heat","82","7402"
"22003","Milwaukee Bucks","82","8039"
"22003","Minnesota Timberwolves","82","7753"
"22003","New Jersey Nets","82","7401"
"22003","New Orleans Hornets","82","7529"
"22003","New York Knicks","82","7542"
"22003","Orlando Magic","82","7711"
"22003","Philadelphia 76ers","82","7215"
"22003","Phoenix Suns","82","7723"
"22003","Portland Trail Blazers","82","7440"
"22003","Sacramento Kings","82","8433"
"22003","San Antonio Spurs","82","7501"
"22003","Seattle SuperSonics","82","7964"
"22003","Toronto Raptors","82","7006"
"22003","Utah Jazz","82","7271"
"22003","Washington Wizards","82","7528"
"22004","Atlanta Hawks","82","7605"
"22004","Boston Celtics","82","8304"
"22004","Charlotte Bobcats","82","7729"
"22004","Chicago Bulls","82","7745"
"22004","Cleveland Cavaliers","82","7914"
"22004","Dallas Mavericks","82","8405"
"22004","Denver Nuggets","82","8161"
"22004","Detroit Pistons","82","7653"
"22004","Golden State Warriors","82","8094"
"22004","Houston Rockets","82","7796"
"22004","Indiana Pacers","82","7626"
"22004","Los Angeles Clippers","82","7849"
"22004","Los Angeles Lakers","82","8095"
"22004","Memphis Grizzlies","82","7661"
"22004","Miami Heat","82","8327"
"22004","Milwaukee Bucks","82","7973"
"22004","Minnesota Timberwolves","82","7934"
"22004","New Jersey Nets","82","7496"
"22004","New Orleans Hornets","82","7252"
"22004","New York Knicks","82","7977"
"22004","Orlando Magic","82","8160"
"22004","Philadelphia 76ers","82","8128"
"22004","Phoenix Suns","82","9054"
"22004","Portland Trail Blazers","82","7621"
"22004","Sacramento Kings","82","8505"
"22004","San Antonio Spurs","82","7888"
"22004","Seattle SuperSonics","82","8113"
"22004","Toronto Raptors","82","8178"
"22004","Utah Jazz","82","7625"
"22004","Washington Wizards","82","8241"
"22005","Atlanta Hawks","82","7972"
"22005","Boston Celtics","82","8033"
"22005","Charlotte Bobcats","82","7943"
"22005","Chicago Bulls","82","8020"
"22005","Cleveland Cavaliers","82","8002"
"22005","Dallas Mavericks","82","8130"
"22005","Denver Nuggets","82","8227"
"22005","Detroit Pistons","82","7941"
"22005","Golden State Warriors","82","8076"
"22005","Houston Rockets","82","7387"
"22005","Indiana Pacers","82","7699"
"22005","Los Angeles Clippers","82","7970"
"22005","Los Angeles Lakers","82","8154"
"22005","Memphis Grizzlies","82","7558"
"22005","Miami Heat","82","8191"
"22005","Milwaukee Bucks","82","8020"
"22005","Minnesota Timberwolves","82","7522"
"22005","New Jersey Nets","82","7691"
"22005","New Orleans/Oklahoma City Hornets","82","7611"
"22005","New York Knicks","82","7842"
"22005","Orlando Magic","82","7784"
"22005","Philadelphia 76ers","82","8147"
"22005","Phoenix Suns","82","8886"
"22005","Portland Trail Blazers","82","7285"
"22005","Sacramento Kings","82","8106"
"22005","San Antonio Spurs","82","7837"
"22005","Seattle SuperSonics","82","8411"
"22005","Toronto Raptors","82","8287"
"22005","Utah Jazz","82","7573"
"22005","Washington Wizards","82","8336"
"22006","Atlanta Hawks","82","7680"
"22006","Boston Celtics","82","7857"
"22006","Charlotte Bobcats","82","7945"
"22006","Chicago Bulls","82","8100"
"22006","Cleveland Cavaliers","82","7934"
"22006","Dallas Mavericks","82","8201"
"22006","Denver Nuggets","82","8639"
"22006","Detroit Pistons","82","7872"
"22006","Golden State Warriors","82","8737"
"22006","Houston Rockets","82","7953"
"22006","Indiana Pacers","82","7840"
"22006","Los Angeles Clippers","82","7843"
"22006","Los Angeles Lakers","82","8474"
"22006","Memphis Grizzlies","82","8331"
"22006","Miami Heat","82","7759"
"22006","Milwaukee Bucks","82","8172"
"22006","Minnesota Timberwolves","82","7877"
"22006","New Jersey Nets","82","8001"
"22006","New Orleans/Oklahoma City Hornets","82","7833"
"22006","New York Knicks","82","7994"
"22006","Orlando Magic","82","7771"
"22006","Philadelphia 76ers","82","7785"
"22006","Phoenix Suns","82","9037"
"22006","Portland Trail Blazers","82","7717"
"22006","Sacramento Kings","82","8303"
"22006","San Antonio Spurs","82","8079"
"22006","Seattle SuperSonics","82","8130"
"22006","Toronto Raptors","82","8157"
"22006","Utah Jazz","82","8322"
"22006","Washington Wizards","82","8556"
"22007","Atlanta Hawks","82","8054"
"22007","Boston Celtics","82","8245"
"22007","Charlotte Bobcats","82","7959"
"22007","Chicago Bulls","82","7981"
"22007","Cleveland Cavaliers","82","7903"
"22007","Dallas Mavericks","82","8234"
"22007","Denver Nuggets","82","9074"
"22007","Detroit Pistons","82","7992"
"22007","Golden State Warriors","82","9105"
"22007","Houston Rockets","82","7931"
"22007","Indiana Pacers","82","8527"
"22007","Los Angeles Clippers","82","7692"
"22007","Los Angeles Lakers","82","8904"
"22007","Memphis Grizzlies","82","8257"
"22007","Miami Heat","82","7491"
"22007","Milwaukee Bucks","82","7956"
"22007","Minnesota Timberwolves","82","7839"
"22007","New Jersey Nets","82","7857"
"22007","New Orleans Hornets","82","8270"
"22007","New York Knicks","82","7948"
"22007","Orlando Magic","82","8567"
"22007","Philadelphia 76ers","82","7923"
"22007","Phoenix Suns","82","9026"
"22007","Portland Trail Blazers","82","7820"
"22007","Sacramento Kings","82","8408"
"22007","San Antonio Spurs","82","7820"
"22007","Seattle SuperSonics","82","7999"
"22007","Toronto Raptors","82","8215"
"22007","Utah Jazz","82","8710"
"22007","Washington Wizards","82","8104"
"22008","Atlanta Hawks","82","8046"
"22008","Boston Celtics","82","8275"
"22008","Charlotte Bobcats","82","7677"
"22008","Chicago Bulls","82","8378"
"22008","Cleveland Cavaliers","82","8223"
"22008","Dallas Mavericks","82","8343"
"22008","Denver Nuggets","82","8555"
"22008","Detroit Pistons","82","7727"
"22008","Golden State Warriors","82","8905"
"22008","Houston Rockets","82","8070"
"22008","Indiana Pacers","82","8617"
"22008","Los Angeles Clippers","82","7799"
"22008","Los Angeles Lakers","82","8768"
"22008","Memphis Grizzlies","82","7698"
"22008","Miami Heat","82","8061"
"22008","Milwaukee Bucks","82","8142"
"22008","Minnesota Timberwolves","82","8019"
"22008","New Jersey Nets","82","8044"
"22008","New Orleans Hornets","82","7857"
"22008","New York Knicks","82","8627"
"22008","Oklahoma City Thunder","82","7952"
"22008","Orlando Magic","82","8286"
"22008","Philadelphia 76ers","82","7987"
"22008","Phoenix Suns","82","8974"
"22008","Portland Trail Blazers","82","8153"
"22008","Sacramento Kings","82","8248"
"22008","San Antonio Spurs","82","7958"
"22008","Toronto Raptors","82","8121"
"22008","Utah Jazz","82","8492"
"22008","Washington Wizards","82","7877"
"22009","Atlanta Hawks","82","8338"
"22009","Boston Celtics","82","8136"
"22009","Charlotte Bobcats","82","7813"
"22009","Chicago Bulls","82","7993"
"22009","Cleveland Cavaliers","82","8373"
"22009","Dallas Mavericks","82","8364"
"22009","Denver Nuggets","82","8729"
"22009","Detroit Pistons","82","7709"
"22009","Golden State Warriors","82","8922"
"22009","Houston Rockets","82","8395"
"22009","Indiana Pacers","82","8263"
"22009","Los Angeles Clippers","82","7849"
"22009","Los Angeles Lakers","82","8339"
"22009","Memphis Grizzlies","82","8404"
"22009","Miami Heat","82","7914"
"22009","Milwaukee Bucks","82","8009"
"22009","Minnesota Timberwolves","82","8051"
"22009","New Jersey Nets","82","7575"
"22009","New Orleans Hornets","82","8220"
"22009","New York Knicks","82","8373"
"22009","Oklahoma City Thunder","82","8322"
"22009","Orlando Magic","82","8426"
"22009","Philadelphia 76ers","82","8014"
"22009","Phoenix Suns","82","9039"
"22009","Portland Trail Blazers","82","8045"
"22009","Sacramento Kings","82","8200"
"22009","San Antonio Spurs","82","8312"
"22009","Toronto Raptors","82","8534"
"22009","Utah Jazz","82","8547"
"22009","Washington Wizards","82","7892"
"22010","Atlanta Hawks","82","7790"
"22010","Boston Celtics","82","7913"
"22010","Charlotte Bobcats","82","7650"
"22010","Chicago Bulls","82","8087"
"22010","Cleveland Cavaliers","82","7827"
"22010","Dallas Mavericks","82","8220"
"22010","Denver Nuggets","82","8811"
"22010","Detroit Pistons","82","7951"
"22010","Golden State Warriors","82","8477"
"22010","Houston Rockets","82","8685"
"22010","Indiana Pacers","82","8183"
"22010","Los Angeles Clippers","82","8089"
"22010","Los Angeles Lakers","82","8321"
"22010","Memphis Grizzlies","82","8195"
"22010","Miami Heat","82","8369"
"22010","Milwaukee Bucks","82","7534"
"22010","Minnesota Timberwolves","82","8288"
"22010","New Jersey Nets","82","7722"
"22010","New Orleans Hornets","82","7784"
"22010","New York Knicks","82","8734"
"22010","Oklahoma City Thunder","82","8596"
"22010","Orlando Magic","82","8135"
"22010","Philadelphia 76ers","82","8119"
"22010","Phoenix Suns","82","8611"
"22010","Portland Trail Blazers","82","7896"
"22010","Sacramento Kings","82","8151"
"22010","San Antonio Spurs","82","8502"
"22010","Toronto Raptors","82","8124"
"22010","Utah Jazz","82","8153"
"22010","Washington Wizards","82","7977"
"22011","Atlanta Hawks","66","6375"
"22011","Boston Celtics","66","6062"
"22011","Charlotte Bobcats","66","5739"
"22011","Chicago Bulls","66","6359"
"22011","Cleveland Cavaliers","66","6140"
"22011","Dallas Mavericks","66","6322"
"22011","Denver Nuggets","66","6872"
"22011","Detroit Pistons","66","5997"
"22011","Golden State Warriors","66","6453"
"22011","Houston Rockets","66","6474"
"22011","Indiana Pacers","66","6449"
"22011","Los Angeles Clippers","66","6438"
"22011","Los Angeles Lakers","66","6422"
"22011","Memphis Grizzlies","66","6269"
"22011","Miami Heat","66","6500"
"22011","Milwaukee Bucks","66","6535"
"22011","Minnesota Timberwolves","66","6464"
"22011","New Jersey Nets","66","6144"
"22011","New Orleans Hornets","66","5916"
"22011","New York Knicks","66","6458"
"22011","Oklahoma City Thunder","66","6802"
"22011","Orlando Magic","66","6215"
"22011","Philadelphia 76ers","66","6180"
"22011","Phoenix Suns","66","6492"
"22011","Portland Trail Blazers","66","6415"
"22011","Sacramento Kings","66","6518"
"22011","San Antonio Spurs","66","6841"
"22011","Toronto Raptors","66","5986"
"22011","Utah Jazz","66","6577"
"22011","Washington Wizards","66","6180"
"22012","Atlanta Hawks","82","8032"
"22012","Boston Celtics","82","7818"
"22012","Brooklyn Nets","82","7944"
"22012","Charlotte Bobcats","82","7661"
"22012","Chicago Bulls","82","7641"
"22012","Cleveland Cavaliers","82","7913"
"22012","Dallas Mavericks","82","8293"
"22012","Denver Nuggets","82","8704"
"22012","Detroit Pistons","82","7778"
"22012","Golden State Warriors","82","8296"
"22012","Houston Rockets","82","8688"
"22012","Indiana Pacers","82","7674"
"22012","Los Angeles Clippers","82","8289"
"22012","Los Angeles Lakers","82","8381"
"22012","Memphis Grizzlies","82","7659"
"22012","Miami Heat","82","8436"
"22012","Milwaukee Bucks","82","8108"
"22012","Minnesota Timberwolves","82","7851"
"22012","New Orleans Hornets","82","7714"
"22012","New York Knicks","82","8196"
"22012","Oklahoma City Thunder","82","8669"
"22012","Orlando Magic","82","7718"
"22012","Philadelphia 76ers","82","7640"
"22012","Phoenix Suns","82","7805"
"22012","Portland Trail Blazers","82","7995"
"22012","Sacramento Kings","82","8219"
"22012","San Antonio Spurs","82","8448"
"22012","Toronto Raptors","82","7971"
"22012","Utah Jazz","82","8038"
"22012","Washington Wizards","82","7644"
"22013","Atlanta Hawks","82","8282"
"22013","Boston Celtics","82","7892"
"22013","Brooklyn Nets","82","8079"
"22013","Charlotte Bobcats","82","7942"
"22013","Chicago Bulls","82","7680"
"22013","Cleveland Cavaliers","82","8054"
"22013","Dallas Mavericks","82","8597"
"22013","Denver Nuggets","82","8559"
"22013","Detroit Pistons","82","8286"
"22013","Golden State Warriors","82","8549"
"22013","Houston Rockets","82","8829"
"22013","Indiana Pacers","82","7933"
"22013","Los Angeles Clippers","82","8850"
"22013","Los Angeles Lakers","82","8442"
"22013","Memphis Grizzlies","82","7884"
"22013","Miami Heat","82","8380"
"22013","Milwaukee Bucks","82","7829"
"22013","Minnesota Timberwolves","82","8768"
"22013","New Orleans Pelicans","82","8177"
"22013","New York Knicks","82","8084"
"22013","Oklahoma City Thunder","82","8705"
"22013","Orlando Magic","82","7914"
"22013","Philadelphia 76ers","82","8155"
"22013","Phoenix Suns","82","8629"
"22013","Portland Trail Blazers","82","8753"
"22013","Sacramento Kings","82","8241"
"22013","San Antonio Spurs","82","8639"
"22013","Toronto Raptors","82","8305"
"22013","Utah Jazz","82","7791"
"22013","Washington Wizards","82","8254"
"22014","Atlanta Hawks","82","8409"
"22014","Boston Celtics","82","8312"
"22014","Brooklyn Nets","82","8038"
"22014","Charlotte Hornets","82","7721"
"22014","Chicago Bulls","82","8265"
"22014","Cleveland Cavaliers","82","8457"
"22014","Dallas Mavericks","82","8628"
"22014","Denver Nuggets","82","8320"
"22014","Detroit Pistons","82","8077"
"22014","Golden State Warriors","82","9016"
"22014","Houston Rockets","82","8522"
"22014","Indiana Pacers","82","7981"
"22014","Los Angeles Clippers","82","8751"
"22014","Los Angeles Lakers","82","8073"
"22014","Memphis Grizzlies","82","8062"
"22014","Miami Heat","82","7764"
"22014","Milwaukee Bucks","82","8023"
"22014","Minnesota Timberwolves","82","8016"
"22014","New Orleans Pelicans","82","8147"
"22014","New York Knicks","82","7535"
"22014","Oklahoma City Thunder","82","8524"
"22014","Orlando Magic","82","7847"
"22014","Philadelphia 76ers","82","7542"
"22014","Phoenix Suns","82","8397"
"22014","Portland Trail Blazers","82","8429"
"22014","Sacramento Kings","82","8310"
"22014","San Antonio Spurs","82","8461"
"22014","Toronto Raptors","82","8527"
"22014","Utah Jazz","82","7801"
"22014","Washington Wizards","82","8080"
"22015","Atlanta Hawks","82","8433"
"22015","Boston Celtics","82","8669"
"22015","Brooklyn Nets","82","8089"
"22015","Charlotte Hornets","82","8479"
"22015","Chicago Bulls","82","8335"
"22015","Cleveland Cavaliers","82","8555"
"22015","Dallas Mavericks","82","8388"
"22015","Denver Nuggets","82","8355"
"22015","Detroit Pistons","82","8361"
"22015","Golden State Warriors","82","9421"
"22015","Houston Rockets","82","8737"
"22015","Indiana Pacers","82","8377"
"22015","LA Clippers","82","8569"
"22015","Los Angeles Lakers","82","7982"
"22015","Memphis Grizzlies","82","8126"
"22015","Miami Heat","82","8204"
"22015","Milwaukee Bucks","82","8122"
"22015","Minnesota Timberwolves","82","8398"
"22015","New Orleans Pelicans","82","8423"
"22015","New York Knicks","82","8065"
"22015","Oklahoma City Thunder","82","9038"
"22015","Orlando Magic","82","8369"
"22015","Philadelphia 76ers","82","7988"
"22015","Phoenix Suns","82","8271"
"22015","Portland Trail Blazers","82","8622"
"22015","Sacramento Kings","82","8740"
"22015","San Antonio Spurs","82","8490"
"22015","Toronto Raptors","82","8422"
"22015","Utah Jazz","82","8010"
"22015","Washington Wizards","82","8534"
"22016","Atlanta Hawks","82","8459"
"22016","Boston Celtics","82","8857"
"22016","Brooklyn Nets","82","8673"
"22016","Charlotte Hornets","82","8601"
"22016","Chicago Bulls","82","8435"
"22016","Cleveland Cavaliers","82","9048"
"22016","Dallas Mavericks","82","8029"
"22016","Denver Nuggets","82","9161"
"22016","Detroit Pistons","82","8309"
"22016","Golden State Warriors","82","9503"
"22016","Houston Rockets","82","9458"
"22016","Indiana Pacers","82","8618"
"22016","LA Clippers","82","8911"
"22016","Los Angeles Lakers","82","8575"
"22016","Memphis Grizzlies","82","8239"
"22016","Miami Heat","82","8460"
"22016","Milwaukee Bucks","82","8497"
"22016","Minnesota Timberwolves","82","8657"
"22016","New Orleans Pelicans","82","8556"
"22016","New York Knicks","82","8556"
"22016","Oklahoma City Thunder","82","8741"
"22016","Orlando Magic","82","8288"
"22016","Philadelphia 76ers","82","8400"
"22016","Phoenix Suns","82","8831"
"22016","Portland Trail Blazers","82","8851"
"22016","Sacramento Kings","82","8430"
"22016","San Antonio Spurs","82","8637"
"22016","Toronto Raptors","82","8762"
"22016","Utah Jazz","82","8258"
"22016","Washington Wizards","82","8953"
"22018","Atlanta Hawks","82","9294"
"22018","Boston Celtics","82","9216"
"22018","Brooklyn Nets","82","9204"
"22018","Charlotte Hornets","82","9081"
"22018","Chicago Bulls","82","8605"
"22018","Cleveland Cavaliers","82","8567"
"22018","Dallas Mavericks","82","8927"
"22018","Denver Nuggets","82","9075"
"22018","Detroit Pistons","82","8778"
"22018","Golden State Warriors","82","9650"
"22018","Houston Rockets","82","9341"
"22018","Indiana Pacers","82","8857"
"22018","LA Clippers","82","9442"
"22018","Los Angeles Lakers","82","9165"
"22018","Memphis Grizzlies","82","8490"
"22018","Miami Heat","82","8668"
"22018","Milwaukee Bucks","82","9686"
"22018","Minnesota Timberwolves","82","9223"
"22018","New Orleans Pelicans","82","9466"
"22018","New York Knicks","82","8575"
"22018","Oklahoma City Thunder","82","9387"
"22018","Orlando Magic","82","8800"
"22018","Philadelphia 76ers","82","9445"
"22018","Phoenix Suns","82","8815"
"22018","Portland Trail Blazers","82","9402"
"22018","Sacramento Kings","82","9363"
"22018","San Antonio Spurs","82","9156"
"22018","Toronto Raptors","82","9384"
"22018","Utah Jazz","82","9161"
"22018","Washington Wizards","82","9350"
"22019","Atlanta Hawks","67","7488"
"22019","Boston Celtics","72","8183"
"22019","Brooklyn Nets","72","8048"
"22019","Charlotte Hornets","65","6687"
"22019","Chicago Bulls","65","6945"
"22019","Cleveland Cavaliers","65","6948"
"22019","Dallas Mavericks","75","8776"
"22019","Denver Nuggets","73","8124"
"22019","Detroit Pistons","66","7078"
"22019","Golden State Warriors","65","6912"
"22019","Houston Rockets","72","8482"
"22019","Indiana Pacers","73","7989"
"22019","LA Clippers","72","8377"
"22019","Los Angeles Lakers","71","8054"
"22019","Memphis Grizzlies","73","8222"
"22019","Miami Heat","73","8179"
"22019","Milwaukee Bucks","73","8663"
"22019","Minnesota Timberwolves","64","7248"
"22019","New Orleans Pelicans","72","8341"
"22019","New York Knicks","66","6983"
"22019","Oklahoma City Thunder","72","7950"
"22019","Orlando Magic","73","7831"
"22019","Philadelphia 76ers","73","8084"
"22019","Phoenix Suns","73","8294"
"22019","Portland Trail Blazers","74","8508"
"22019","Sacramento Kings","72","7927"
"22019","San Antonio Spurs","71","8098"
"22019","Toronto Raptors","72","8118"
"22019","Utah Jazz","72","8013"
"22019","Washington Wizards","72","8238"
"22020","Atlanta Hawks","72","8186"
"22020","Boston Celtics","72","8109"
"22020","Brooklyn Nets","72","8537"
"22020","Charlotte Hornets","72","7881"
"22020","Chicago Bulls","72","7969"
"22020","Cleveland Cavaliers","72","7476"
"22020","Dallas Mavericks","72","8096"
"22020","Denver Nuggets","72","8284"
"22020","Detroit Pistons","72","7676"
"22020","Golden State Warriors","72","8187"
"22020","Houston Rockets","72","7833"
"22020","Indiana Pacers","72","8302"
"22020","LA Clippers","72","8209"
"22020","Los Angeles Lakers","72","7887"
"22020","Memphis Grizzlies","72","8157"
"22020","Miami Heat","72","7781"
"22020","Milwaukee Bucks","72","8649"
"22020","Minnesota Timberwolves","72","8073"
"22020","New Orleans Pelicans","72","8251"
"22020","New York Knicks","72","7706"
"22020","Oklahoma City Thunder","72","7560"
"22020","Orlando Magic","72","7488"
"22020","Philadelphia 76ers","72","8182"
"22020","Phoenix Suns","72","8300"
"22020","Portland Trail Blazers","72","8360"
"22020","Sacramento Kings","72","8189"
"22020","San Antonio Spurs","72","7998"
"22020","Toronto Raptors","72","8011"
"22020","Utah Jazz","72","8382"
"22020","Washington Wizards","72","8398"
"22021","Atlanta Hawks","82","9343"
"22021","Boston Celtics","82","9164"
"22021","Brooklyn Nets","82","9258"
"22021","Charlotte Hornets","82","9457"
"22021","Chicago Bulls","82","9152"
"22021","Cleveland Cavaliers","82","8839"
"22021","Dallas Mavericks","82","8858"
"22021","Denver Nuggets","82","9243"
"22021","Detroit Pistons","82","8596"
"22021","Golden State Warriors","82","9102"
"22021","Houston Rockets","82","8997"
"22021","Indiana Pacers","82","9140"
"22021","LA Clippers","82","8890"
"22021","Los Angeles Lakers","82","9192"
"22021","Memphis Grizzlies","82","9480"
"22021","Miami Heat","82","9022"
"22021","Milwaukee Bucks","82","9470"
"22021","Minnesota Timberwolves","82","9507"
"22021","New Orleans Pelicans","82","8962"
"22021","New York Knicks","82","8731"
"22021","Oklahoma City Thunder","82","8506"
"22021","Orlando Magic","82","8547"
"22021","Philadelphia 76ers","82","9015"
"22021","Phoenix Suns","82","9416"
"22021","Portland Trail Blazers","82","8711"
"22021","Sacramento Kings","82","9045"
"22021","San Antonio Spurs","82","9279"
"22021","Toronto Raptors","82","8970"
"22021","Utah Jazz","82","9316"
"22021","Washington Wizards","82","8907"
"22022","Atlanta Hawks","68","7975"
"22022","Boston Celtics","68","7911"
"22022","Brooklyn Nets","68","7739"
"22022","Charlotte Hornets","70","7819"
"22022","Chicago Bulls","67","7582"
"22022","Cleveland Cavaliers","70","7841"
"22022","Dallas Mavericks","68","7745"
"22022","Denver Nuggets","68","7951"
"22022","Detroit Pistons","68","7571"
"22022","Golden State Warriors","68","8030"
"22022","Houston Rockets","67","7319"
"22022","Indiana Pacers","68","7875"
"22022","LA Clippers","68","7630"
"22022","Los Angeles Lakers","68","7928"
"22022","Memphis Grizzlies","65","7513"
"22022","Miami Heat","69","7491"
"22022","Milwaukee Bucks","67","7680"
"22022","Minnesota Timberwolves","68","7848"
"22022","New Orleans Pelicans","68","7752"
"22022","New York Knicks","70","7947"
"22022","Oklahoma City Thunder","68","7948"
"22022","Orlando Magic","68","7571"
"22022","Philadelphia 76ers","67","7708"
"22022","Phoenix Suns","67","7597"
"22022","Portland Trail Blazers","68","7775"
"22022","Sacramento Kings","66","8000"
"22022","San Antonio Spurs","67","7455"
"22022","Toronto Raptors","68","7642"
"22022","Utah Jazz","68","7902"
"22022","Washington Wizards","68","7596"